latitude_decimal_degree,longitude_decimal_degree,ellipsoidal_height_m,decimal_hour,day_of_year,year,ortho_height_m_CGVD28_HTv2,rcvr_clk_ns
82.4419352,-80.3575231,44.453,23.73000,203,2014,27.067,-136458.567
82.4419354,-80.3575228,44.489,23.73083,203,2014,27.103,-135950.552
82.4419355,-80.3575226,44.506,23.73167,203,2014,27.120,-135443.812
82.4419357,-80.3575236,44.450,23.73250,203,2014,27.064,-134937.253
82.4419352,-80.3575213,44.461,23.73333,203,2014,27.075,-134429.648
82.4419353,-80.3575199,44.450,23.73417,203,2014,27.064,-133921.050
82.4419353,-80.3575198,44.441,23.73500,203,2014,27.055,-133411.227
82.4419353,-80.3575195,44.434,23.73583,203,2014,27.048,-132900.112
82.4419353,-80.3575192,44.448,23.73667,203,2014,27.062,-132388.224
82.4419353,-80.3575193,44.461,23.73750,203,2014,27.075,-131875.423
82.4419353,-80.3575212,44.476,23.73833,203,2014,27.090,-131362.048
82.4419353,-80.3575214,44.507,23.73917,203,2014,27.121,-130848.503
82.4419353,-80.3575216,44.511,23.74000,203,2014,27.125,-130334.652
82.4419352,-80.3575218,44.475,23.74083,203,2014,27.089,-129820.841
82.4419352,-80.3575216,44.468,23.74167,203,2014,27.082,-129306.953
82.4419352,-80.3575217,44.484,23.74250,203,2014,27.098,-128793.481
82.4419352,-80.3575217,44.513,23.74333,203,2014,27.127,-128280.762
82.4419352,-80.3575218,44.515,23.74417,203,2014,27.129,-127768.885
82.4419353,-80.3575228,44.416,23.74500,203,2014,27.030,-127258.096
82.4419354,-80.3575227,44.419,23.74583,203,2014,27.033,-126747.965
82.4419354,-80.3575224,44.421,23.74667,203,2014,27.035,-126239.028
82.4419353,-80.3575227,44.437,23.74750,203,2014,27.051,-125731.551
82.4419353,-80.3575214,44.495,23.74833,203,2014,27.109,-125225.576
82.4419353,-80.3575207,44.537,23.74917,203,2014,27.151,-124721.156
82.4419354,-80.3575207,44.526,23.75000,203,2014,27.140,-124218.662
82.4419355,-80.3575220,44.428,23.75083,203,2014,27.042,-123718.355
82.4419353,-80.3575214,44.472,23.75167,203,2014,27.086,-123219.609
82.4419353,-80.3575217,44.409,23.75250,203,2014,27.023,-122723.301
82.4419354,-80.3575218,44.388,23.75333,203,2014,27.002,-122229.209
82.4419354,-80.3575215,44.393,23.75417,203,2014,27.007,-121737.598
82.4419354,-80.3575217,44.425,23.75500,203,2014,27.039,-121248.286
82.4419353,-80.3575211,44.479,23.75583,203,2014,27.093,-120761.472
82.4419353,-80.3575199,44.489,23.75667,203,2014,27.103,-120277.428
82.4419353,-80.3575200,44.445,23.75750,203,2014,27.059,-119795.942
82.4419353,-80.3575198,44.475,23.75833,203,2014,27.089,-119317.330
82.4419353,-80.3575194,44.465,23.75917,203,2014,27.079,-118841.582
82.4419353,-80.3575193,44.487,23.76000,203,2014,27.101,-118368.494
82.4419353,-80.3575192,44.488,23.76083,203,2014,27.102,-117898.525
82.4419353,-80.3575192,44.486,23.76167,203,2014,27.100,-117431.640
82.4419353,-80.3575193,44.484,23.76250,203,2014,27.098,-116967.712
82.4419353,-80.3575189,44.489,23.76333,203,2014,27.103,-116506.941
82.4419353,-80.3575186,44.482,23.76417,203,2014,27.096,-116049.575
82.4419354,-80.3575186,44.491,23.76500,203,2014,27.105,-115595.637
82.4419354,-80.3575185,44.482,23.76583,203,2014,27.096,-115145.068
82.4419354,-80.3575184,44.494,23.76667,203,2014,27.108,-114697.919
82.4419354,-80.3575181,44.510,23.76750,203,2014,27.124,-114254.355
82.4419354,-80.3575179,44.515,23.76833,203,2014,27.129,-113814.269
82.4419354,-80.3575182,44.501,23.76917,203,2014,27.115,-113377.965
82.4419354,-80.3575185,44.501,23.77000,203,2014,27.115,-112945.176
82.4419354,-80.3575187,44.493,23.77083,203,2014,27.107,-112515.844
82.4419354,-80.3575187,44.492,23.77167,203,2014,27.106,-112090.157
82.4419354,-80.3575184,44.481,23.77250,203,2014,27.095,-111668.187
82.4419354,-80.3575183,44.482,23.77333,203,2014,27.096,-111249.973
82.4419353,-80.3575183,44.474,23.77417,203,2014,27.088,-110835.474
82.4419354,-80.3575183,44.479,23.77500,203,2014,27.093,-110424.684
82.4419353,-80.3575187,44.484,23.77583,203,2014,27.098,-110017.665
82.4419353,-80.3575187,44.478,23.77667,203,2014,27.092,-109614.442
82.4419354,-80.3575188,44.500,23.77750,203,2014,27.114,-109214.868
82.4419354,-80.3575188,44.514,23.77833,203,2014,27.128,-108819.086
82.4419354,-80.3575187,44.511,23.77917,203,2014,27.125,-108427.082
82.4419354,-80.3575186,44.506,23.78000,203,2014,27.120,-108039.182
82.4419354,-80.3575184,44.507,23.78083,203,2014,27.121,-107655.073
82.4419354,-80.3575183,44.501,23.78167,203,2014,27.115,-107274.680
82.4419354,-80.3575182,44.491,23.78250,203,2014,27.105,-106898.272
82.4419354,-80.3575182,44.492,23.78333,203,2014,27.106,-106525.904
82.4419354,-80.3575181,44.485,23.78417,203,2014,27.099,-106157.314
82.4419354,-80.3575183,44.479,23.78500,203,2014,27.093,-105792.507
82.4419354,-80.3575184,44.479,23.78583,203,2014,27.093,-105431.550
82.4419354,-80.3575187,44.482,23.78667,203,2014,27.096,-105074.854
82.4419354,-80.3575187,44.489,23.78750,203,2014,27.103,-104721.926
82.4419354,-80.3575185,44.491,23.78833,203,2014,27.105,-104372.789
82.4419354,-80.3575183,44.494,23.78917,203,2014,27.108,-104027.500
82.4419354,-80.3575180,44.501,23.79000,203,2014,27.115,-103686.035
82.4419354,-80.3575179,44.506,23.79083,203,2014,27.120,-103348.480
82.4419354,-80.3575179,44.500,23.79167,203,2014,27.114,-103015.155
82.4419354,-80.3575178,44.499,23.79250,203,2014,27.113,-102685.853
82.4419354,-80.3575176,44.493,23.79333,203,2014,27.107,-102360.402
82.4419354,-80.3575176,44.493,23.79417,203,2014,27.107,-102038.772
82.4419354,-80.3575178,44.491,23.79500,203,2014,27.105,-101721.066
82.4419354,-80.3575178,44.493,23.79583,203,2014,27.107,-101407.390
82.4419354,-80.3575177,44.495,23.79667,203,2014,27.109,-101097.726
82.4419354,-80.3575177,44.496,23.79750,203,2014,27.110,-100792.092
82.4419354,-80.3575179,44.504,23.79833,203,2014,27.118,-100490.345
82.4419355,-80.3575176,44.515,23.79917,203,2014,27.129,-100192.764
82.4419420,-80.3575885,44.542,23.80000,203,2014,27.156,-99898.751
82.4419522,-80.3577549,44.543,23.80083,203,2014,27.157,-99608.289
82.4419616,-80.3579308,44.530,23.80167,203,2014,27.144,-99322.013
82.4419666,-80.3581228,44.515,23.80250,203,2014,27.129,-99039.296
82.4419702,-80.3583049,44.566,23.80333,203,2014,27.180,-98760.234
82.4419743,-80.3585293,44.547,23.80417,203,2014,27.161,-98485.765
82.4419772,-80.3587485,44.422,23.80500,203,2014,27.036,-98214.943
82.4419796,-80.3589726,44.358,23.80583,203,2014,26.972,-97948.000
82.4419798,-80.3591646,44.233,23.80667,203,2014,26.847,-97684.869
82.4419822,-80.3593709,44.077,23.80750,203,2014,26.692,-97425.760
82.4419850,-80.3595768,44.069,23.80833,203,2014,26.684,-97170.357
82.4419879,-80.3598050,43.983,23.80917,203,2014,26.598,-96918.726
82.4419914,-80.3600300,43.969,23.81000,203,2014,26.584,-96671.005
82.4419946,-80.3602715,43.873,23.81083,203,2014,26.488,-96427.099
82.4419996,-80.3604948,43.854,23.81167,203,2014,26.469,-96187.261
82.4420040,-80.3607142,43.737,23.81250,203,2014,26.352,-95951.022
82.4420100,-80.3609362,43.785,23.81333,203,2014,26.400,-95718.065
82.4420149,-80.3611574,43.624,23.81417,203,2014,26.239,-95489.420
82.4420182,-80.3613536,43.397,23.81500,203,2014,26.012,-95264.631
82.4420227,-80.3615124,43.345,23.81583,203,2014,25.960,-95043.318
82.4420238,-80.3616878,43.294,23.81667,203,2014,25.909,-94825.584
82.4420262,-80.3618911,43.107,23.81750,203,2014,25.722,-94611.846
82.4420278,-80.3621111,42.871,23.81833,203,2014,25.486,-94401.718
82.4420276,-80.3623426,42.522,23.81917,203,2014,25.137,-94195.301
82.4420284,-80.3625291,42.326,23.82000,203,2014,24.941,-93992.729
82.4420285,-80.3627303,41.929,23.82083,203,2014,24.544,-93793.916
82.4420328,-80.3629249,41.767,23.82167,203,2014,24.382,-93598.528
82.4420360,-80.3631138,41.568,23.82250,203,2014,24.183,-93407.155
82.4420391,-80.3632840,41.421,23.82333,203,2014,24.036,-93219.389
82.4420413,-80.3634392,41.274,23.82417,203,2014,23.889,-93035.095
82.4420416,-80.3634562,41.252,23.82500,203,2014,23.867,-92854.365
82.4420427,-80.3635701,41.163,23.82583,203,2014,23.779,-92677.071
82.4420435,-80.3636578,41.103,23.82667,203,2014,23.719,-92503.414
82.4420430,-80.3637501,40.985,23.82750,203,2014,23.601,-92333.532
82.4420391,-80.3638888,40.776,23.82833,203,2014,23.392,-92166.951
82.4420314,-80.3640235,40.469,23.82917,203,2014,23.085,-92003.772
82.4420250,-80.3641168,40.327,23.83000,203,2014,22.943,-91844.098
82.4420206,-80.3641862,40.129,23.83083,203,2014,22.745,-91687.800
82.4420107,-80.3642974,39.633,23.83167,203,2014,22.249,-91534.730
82.4420091,-80.3643045,39.558,23.83250,203,2014,22.174,-91384.947
82.4420090,-80.3643049,39.549,23.83333,203,2014,22.165,-91238.394
82.4420091,-80.3643048,39.569,23.83417,203,2014,22.185,-91094.954
82.4420091,-80.3643046,39.573,23.83500,203,2014,22.189,-90954.912
82.4420091,-80.3643046,39.569,23.83583,203,2014,22.185,-90818.043
82.4420092,-80.3643046,39.562,23.83667,203,2014,22.178,-90684.354
82.4420092,-80.3643046,39.563,23.83750,203,2014,22.179,-90553.668
82.4420092,-80.3643046,39.559,23.83833,203,2014,22.175,-90426.074
82.4420090,-80.3643041,39.518,23.83917,203,2014,22.134,-90301.735
82.4420096,-80.3643037,39.559,23.84000,203,2014,22.175,-90180.079
82.4420097,-80.3643060,39.529,23.84083,203,2014,22.145,-90061.708
82.4420097,-80.3643060,39.641,23.84167,203,2014,22.257,-89945.891
82.4420098,-80.3643054,39.625,23.84250,203,2014,22.241,-89833.317
82.4420098,-80.3643054,39.611,23.84333,203,2014,22.227,-89723.533
82.4420099,-80.3643054,39.625,23.84417,203,2014,22.241,-89616.629
82.4420099,-80.3643055,39.627,23.84500,203,2014,22.243,-89512.609
82.4420099,-80.3643060,39.640,23.84583,203,2014,22.256,-89411.399
82.4420096,-80.3643050,39.650,23.84667,203,2014,22.266,-89313.008
82.4420074,-80.3642970,39.586,23.84750,203,2014,22.202,-89214.822
82.4420073,-80.3642979,39.593,23.84833,203,2014,22.209,-89119.929
82.4420070,-80.3642981,39.524,23.84917,203,2014,22.140,-89027.916
82.4420066,-80.3642945,39.521,23.85000,203,2014,22.137,-88938.505
82.4420052,-80.3642913,39.452,23.85083,203,2014,22.068,-88851.736
82.4420048,-80.3642904,39.468,23.85167,203,2014,22.084,-88767.900
82.4420047,-80.3642899,39.452,23.85250,203,2014,22.068,-88686.922
82.4420046,-80.3642892,39.469,23.85333,203,2014,22.085,-88608.977
82.4420046,-80.3642896,39.443,23.85417,203,2014,22.059,-88534.163
82.4420046,-80.3642894,39.451,23.85500,203,2014,22.067,-88461.910
82.4420046,-80.3642896,39.438,23.85583,203,2014,22.054,-88392.453
82.4420047,-80.3642899,39.421,23.85667,203,2014,22.037,-88325.716
82.4420046,-80.3642894,39.433,23.85750,203,2014,22.049,-88261.735
82.4420046,-80.3642893,39.448,23.85833,203,2014,22.064,-88200.541
82.4420047,-80.3642900,39.403,23.85917,203,2014,22.019,-88142.283
82.4420045,-80.3642895,39.398,23.86000,203,2014,22.014,-88086.909
82.4420046,-80.3642897,39.374,23.86083,203,2014,21.990,-88034.504
82.4420046,-80.3642895,39.377,23.86167,203,2014,21.993,-87984.743
82.4420045,-80.3642890,39.369,23.86250,203,2014,21.985,-87937.811
82.4420044,-80.3642890,39.376,23.86333,203,2014,21.992,-87893.604
82.4420046,-80.3642897,39.339,23.86417,203,2014,21.955,-87852.309
82.4420046,-80.3642894,39.341,23.86500,203,2014,21.957,-87813.767
82.4420044,-80.3642881,39.387,23.86583,203,2014,22.003,-87778.023
82.4420045,-80.3642898,39.335,23.86667,203,2014,21.951,-87745.292
82.4420045,-80.3642899,39.307,23.86750,203,2014,21.923,-87715.244
82.4420045,-80.3642897,39.299,23.86833,203,2014,21.915,-87688.102
82.4420043,-80.3642889,39.310,23.86917,203,2014,21.926,-87663.719
82.4420043,-80.3642893,39.277,23.87000,203,2014,21.893,-87642.252
82.4420043,-80.3642892,39.280,23.87083,203,2014,21.896,-87623.399
82.4420043,-80.3642893,39.262,23.87167,203,2014,21.878,-87607.544
82.4420043,-80.3642890,39.261,23.87250,203,2014,21.877,-87594.329
82.4420043,-80.3642893,39.263,23.87333,203,2014,21.879,-87583.865
82.4420043,-80.3642895,39.266,23.87417,203,2014,21.882,-87576.285
82.4420042,-80.3642897,39.270,23.87500,203,2014,21.886,-87571.461
82.4420042,-80.3642895,39.247,23.87583,203,2014,21.863,-87569.613
82.4420042,-80.3642898,39.231,23.87667,203,2014,21.847,-87570.423
82.4420042,-80.3642896,39.237,23.87750,203,2014,21.853,-87574.013
82.4420042,-80.3642900,39.235,23.87833,203,2014,21.851,-87580.654
82.4420042,-80.3642904,39.229,23.87917,203,2014,21.845,-87589.917
82.4420043,-80.3642905,39.226,23.88000,203,2014,21.842,-87601.860
82.4420044,-80.3642909,39.208,23.88083,203,2014,21.824,-87616.565
82.4420044,-80.3642908,39.232,23.88167,203,2014,21.848,-87633.913
82.4420045,-80.3642912,39.233,23.88250,203,2014,21.849,-87653.992
82.4420045,-80.3642912,39.248,23.88333,203,2014,21.864,-87676.876
82.4420044,-80.3642907,39.245,23.88417,203,2014,21.861,-87702.472
82.4420045,-80.3642909,39.247,23.88500,203,2014,21.863,-87730.680
82.4420045,-80.3642908,39.257,23.88583,203,2014,21.873,-87761.670
82.4420045,-80.3642912,39.252,23.88667,203,2014,21.868,-87795.508
82.4420046,-80.3642915,39.261,23.88750,203,2014,21.877,-87831.891
82.4420046,-80.3642921,39.257,23.88833,203,2014,21.873,-87870.853
82.4420048,-80.3642934,39.257,23.88917,203,2014,21.873,-87912.573
82.4420050,-80.3642949,39.253,23.89000,203,2014,21.869,-87956.828
82.4420047,-80.3642921,39.260,23.89083,203,2014,21.876,-88003.339
82.4420046,-80.3642921,39.241,23.89167,203,2014,21.857,-88052.535
82.4420046,-80.3642920,39.232,23.89250,203,2014,21.848,-88104.249
82.4420046,-80.3642920,39.233,23.89333,203,2014,21.849,-88158.568
82.4420045,-80.3642916,39.235,23.89417,203,2014,21.851,-88215.511
82.4420046,-80.3642920,39.238,23.89500,203,2014,21.854,-88275.315
82.4420046,-80.3642917,39.259,23.89583,203,2014,21.875,-88337.388
82.4420066,-80.3643028,39.391,23.89667,203,2014,22.007,-88404.354
82.4420070,-80.3643065,39.394,23.89750,203,2014,22.010,-88474.942
82.4420071,-80.3643065,39.381,23.89833,203,2014,21.997,-88547.611
82.4420070,-80.3643048,39.370,23.89917,203,2014,21.986,-88622.240
82.4420070,-80.3643049,39.364,23.90000,203,2014,21.980,-88698.993
82.4420071,-80.3643048,39.362,23.90083,203,2014,21.978,-88778.066
82.4420071,-80.3643047,39.368,23.90167,203,2014,21.984,-88859.642
82.4420072,-80.3643048,39.391,23.90250,203,2014,22.007,-88943.678
82.4420072,-80.3643053,39.373,23.90333,203,2014,21.989,-89030.566
82.4420072,-80.3643052,39.378,23.90417,203,2014,21.994,-89119.950
82.4420072,-80.3643053,39.390,23.90500,203,2014,22.006,-89211.737
82.4420073,-80.3643053,39.385,23.90583,203,2014,22.001,-89305.867
82.4420073,-80.3643054,39.391,23.90667,203,2014,22.007,-89402.363
82.4420073,-80.3643053,39.388,23.90750,203,2014,22.004,-89501.492
82.4420074,-80.3643054,39.387,23.90833,203,2014,22.003,-89602.734
82.4420074,-80.3643052,39.380,23.90917,203,2014,21.996,-89706.122
82.4420075,-80.3643052,39.382,23.91000,203,2014,21.998,-89811.714
82.4420075,-80.3643053,39.385,23.91083,203,2014,22.001,-89919.610
82.4420075,-80.3643053,39.389,23.91167,203,2014,22.005,-90029.881
82.4420075,-80.3643055,39.414,23.91250,203,2014,22.030,-90142.356
82.4420076,-80.3643054,39.433,23.91333,203,2014,22.049,-90257.025
82.4420076,-80.3643060,39.429,23.91417,203,2014,22.045,-90374.098
82.4420077,-80.3643063,39.394,23.91500,203,2014,22.010,-90493.300
82.4420077,-80.3643061,39.431,23.91583,203,2014,22.047,-90614.279
82.4420077,-80.3643057,39.429,23.91667,203,2014,22.045,-90737.211
82.4420078,-80.3643068,39.397,23.91750,203,2014,22.013,-90862.472
82.4420078,-80.3643067,39.395,23.91833,203,2014,22.011,-90989.796
82.4420077,-80.3643060,39.408,23.91917,203,2014,22.024,-91119.109
82.4420077,-80.3643062,39.409,23.92000,203,2014,22.025,-91250.769
82.4420078,-80.3643066,39.408,23.92083,203,2014,22.024,-91384.479
82.4420079,-80.3643068,39.445,23.92167,203,2014,22.061,-91520.042
82.4420079,-80.3643069,39.420,23.92250,203,2014,22.036,-91657.722
82.4420078,-80.3643058,39.431,23.92333,203,2014,22.047,-91797.507
82.4420079,-80.3643065,39.422,23.92417,203,2014,22.038,-91939.598
82.4420077,-80.3643059,39.406,23.92500,203,2014,22.022,-92083.605
82.4420078,-80.3643058,39.403,23.92583,203,2014,22.019,-92229.271
82.4420078,-80.3643063,39.409,23.92667,203,2014,22.025,-92376.974
82.4420079,-80.3643063,39.412,23.92750,203,2014,22.028,-92526.846
82.4420079,-80.3643065,39.410,23.92833,203,2014,22.026,-92678.814
82.4420081,-80.3643068,39.427,23.92917,203,2014,22.043,-92832.600
82.4420081,-80.3643068,39.412,23.93000,203,2014,22.028,-92988.348
82.4420081,-80.3643069,39.410,23.93083,203,2014,22.026,-93146.007
82.4420081,-80.3643071,39.421,23.93167,203,2014,22.037,-93305.336
82.4420081,-80.3643074,39.417,23.93250,203,2014,22.033,-93466.824
82.4420082,-80.3643073,39.428,23.93333,203,2014,22.044,-93630.128
82.4420083,-80.3643076,39.429,23.93417,203,2014,22.045,-93795.504
82.4420083,-80.3643078,39.425,23.93500,203,2014,22.041,-93962.767
82.4420084,-80.3643082,39.430,23.93583,203,2014,22.046,-94131.923
82.4420075,-80.3643187,39.405,23.93667,203,2014,22.021,-94303.031
82.4419976,-80.3644210,39.052,23.93750,203,2014,21.668,-94476.067
82.4419852,-80.3645456,38.776,23.93833,203,2014,21.392,-94650.887
82.4419736,-80.3646458,38.268,23.93917,203,2014,20.884,-94828.204
82.4419692,-80.3646835,38.225,23.94000,203,2014,20.841,-95007.166
82.4419572,-80.3647608,38.100,23.94083,203,2014,20.716,-95187.391
82.4419511,-80.3648137,37.884,23.94167,203,2014,20.500,-95369.646
82.4419492,-80.3648322,37.767,23.94250,203,2014,20.383,-95554.108
82.4419468,-80.3648495,37.684,23.94333,203,2014,20.300,-95740.145
82.4419434,-80.3648733,37.611,23.94417,203,2014,20.227,-95928.420
82.4419325,-80.3649300,37.546,23.94500,203,2014,20.162,-96117.429
82.4419214,-80.3649958,37.714,23.94583,203,2014,20.330,-96307.711
82.4419203,-80.3650024,37.737,23.94667,203,2014,20.353,-96499.402
82.4419120,-80.3650583,37.921,23.94750,203,2014,20.537,-96692.116
82.4419020,-80.3651330,37.990,23.94833,203,2014,20.606,-96886.799
82.4418943,-80.3651968,38.197,23.94917,203,2014,20.813,-97082.751
82.4418907,-80.3652157,38.260,23.95000,203,2014,20.876,-97280.306
82.4418833,-80.3652541,38.355,23.95083,203,2014,20.971,-97480.008
82.4418741,-80.3652991,38.477,23.95167,203,2014,21.092,-97681.170
82.4418617,-80.3653636,38.648,23.95250,203,2014,21.263,-97884.058
82.4418572,-80.3654050,38.885,23.95333,203,2014,21.500,-98088.226
82.4418450,-80.3655061,39.451,23.95417,203,2014,22.066,-98294.244
82.4418424,-80.3655385,39.511,23.95500,203,2014,22.126,-98502.752
82.4418419,-80.3655430,39.494,23.95583,203,2014,22.109,-98712.711
82.4418396,-80.3655602,39.544,23.95667,203,2014,22.159,-98924.321
82.4418278,-80.3656364,39.580,23.95750,203,2014,22.195,-99137.520
82.4418185,-80.3657117,39.427,23.95833,203,2014,22.042,-99353.622
82.4418185,-80.3657122,39.420,23.95917,203,2014,22.035,-99571.562
82.4418168,-80.3657495,39.420,23.96000,203,2014,22.035,-99791.520
82.4418107,-80.3658258,39.622,23.96083,203,2014,22.237,-100012.451
82.4418079,-80.3658603,39.512,23.96167,203,2014,22.127,-100235.606
82.4418039,-80.3659236,39.189,23.96250,203,2014,21.804,-100461.363
82.4418039,-80.3659240,39.190,23.96333,203,2014,21.805,-100689.101
82.4418039,-80.3659239,39.177,23.96417,203,2014,21.792,-100918.808
82.4418040,-80.3659238,39.191,23.96500,203,2014,21.806,-101150.187
82.4418040,-80.3659235,39.171,23.96583,203,2014,21.786,-101383.271
82.4418040,-80.3659237,39.179,23.96667,203,2014,21.794,-101617.864
82.4418040,-80.3659236,39.174,23.96750,203,2014,21.789,-101854.110
82.4418041,-80.3659236,39.186,23.96833,203,2014,21.801,-102092.046
82.4418041,-80.3659231,39.153,23.96917,203,2014,21.768,-102331.845
82.4418041,-80.3659233,39.176,23.97000,203,2014,21.791,-102572.810
82.4418041,-80.3659234,39.179,23.97083,203,2014,21.794,-102815.298
82.4418041,-80.3659236,39.186,23.97167,203,2014,21.801,-103059.495
82.4418041,-80.3659245,39.177,23.97250,203,2014,21.792,-103305.313
82.4418041,-80.3659248,39.173,23.97333,203,2014,21.788,-103552.468
82.4418041,-80.3659251,39.158,23.97417,203,2014,21.773,-103801.158
82.4418041,-80.3659254,39.145,23.97500,203,2014,21.760,-104051.244
82.4418041,-80.3659254,39.147,23.97583,203,2014,21.762,-104302.916
82.4418042,-80.3659256,39.143,23.97667,203,2014,21.758,-104555.942
82.4418042,-80.3659258,39.135,23.97750,203,2014,21.750,-104810.492
82.4418042,-80.3659265,39.138,23.97833,203,2014,21.753,-105066.389
82.4418043,-80.3659264,39.158,23.97917,203,2014,21.773,-105323.796
82.4418043,-80.3659268,39.160,23.98000,203,2014,21.775,-105582.595
82.4418043,-80.3659272,39.151,23.98083,203,2014,21.766,-105842.864
82.4418044,-80.3659274,39.153,23.98167,203,2014,21.768,-106104.457
82.4418044,-80.3659274,39.133,23.98250,203,2014,21.748,-106367.601
82.4418044,-80.3659275,39.142,23.98333,203,2014,21.757,-106632.063
82.4418044,-80.3659277,39.129,23.98417,203,2014,21.744,-106897.708
82.4418044,-80.3659279,39.138,23.98500,203,2014,21.753,-107164.523
82.4418044,-80.3659283,39.117,23.98583,203,2014,21.732,-107432.716
82.4418044,-80.3659283,39.102,23.98667,203,2014,21.717,-107702.154
82.4418045,-80.3659284,39.095,23.98750,203,2014,21.710,-107973.074
82.4418046,-80.3659286,39.092,23.98833,203,2014,21.707,-108245.027
82.4418046,-80.3659286,39.090,23.98917,203,2014,21.705,-108518.197
82.4418046,-80.3659288,39.081,23.99000,203,2014,21.696,-108792.585
82.4418046,-80.3659292,39.072,23.99083,203,2014,21.687,-109068.195
82.4418046,-80.3659293,39.074,23.99167,203,2014,21.689,-109345.038
82.4418046,-80.3659298,39.085,23.99250,203,2014,21.700,-109623.369
82.4418047,-80.3659302,39.082,23.99333,203,2014,21.697,-109902.986
82.4418047,-80.3659306,39.082,23.99417,203,2014,21.697,-110183.646
82.4418047,-80.3659309,39.085,23.99500,203,2014,21.700,-110465.545
82.4418046,-80.3659301,39.093,23.99583,203,2014,21.708,-110748.873
82.4418047,-80.3659302,39.085,23.99667,203,2014,21.700,-111033.558
82.4418047,-80.3659304,39.072,23.99750,203,2014,21.687,-111319.302
82.4418048,-80.3659305,39.095,23.99833,203,2014,21.710,-111606.100
82.4418048,-80.3659304,39.103,23.99917,203,2014,21.718,-111894.235
82.4418049,-80.3659305,39.112,0.00000,204,2014,21.727,-112183.341
82.4418049,-80.3659302,39.101,0.00083,204,2014,21.716,-112473.586
82.4418050,-80.3659297,39.114,0.00167,204,2014,21.729,-112764.930
82.4418049,-80.3659298,39.105,0.00250,204,2014,21.720,-113057.400
82.4418049,-80.3659298,39.098,0.00333,204,2014,21.713,-113350.931
82.4418050,-80.3659298,39.113,0.00417,204,2014,21.728,-113645.752
82.4418050,-80.3659296,39.112,0.00500,204,2014,21.727,-113941.625
82.4418049,-80.3659297,39.118,0.00583,204,2014,21.733,-114238.514
82.4418049,-80.3659297,39.125,0.00667,204,2014,21.740,-114536.514
82.4418050,-80.3659295,39.147,0.00750,204,2014,21.762,-114835.838
82.4418051,-80.3659295,39.159,0.00833,204,2014,21.774,-115136.228
82.4418051,-80.3659295,39.158,0.00917,204,2014,21.773,-115437.625
82.4418051,-80.3659294,39.161,0.01000,204,2014,21.776,-115740.144
82.4418051,-80.3659293,39.168,0.01083,204,2014,21.783,-116043.589
82.4418051,-80.3659291,39.177,0.01167,204,2014,21.792,-116348.163
82.4418052,-80.3659290,39.182,0.01250,204,2014,21.797,-116653.743
82.4418052,-80.3659288,39.188,0.01333,204,2014,21.803,-116960.377
82.4418052,-80.3659287,39.186,0.01417,204,2014,21.801,-117268.025
82.4418053,-80.3659285,39.174,0.01500,204,2014,21.789,-117576.794
82.4418054,-80.3659286,39.179,0.01583,204,2014,21.794,-117886.613
82.4418054,-80.3659284,39.185,0.01667,204,2014,21.800,-118197.477
82.4418055,-80.3659287,39.193,0.01750,204,2014,21.808,-118509.236
82.4418055,-80.3659284,39.191,0.01833,204,2014,21.806,-118822.047
82.4418055,-80.3659288,39.195,0.01917,204,2014,21.810,-119135.961
82.4418056,-80.3659283,39.199,0.02000,204,2014,21.814,-119450.897
82.4418056,-80.3659277,39.233,0.02083,204,2014,21.848,-119766.834
82.4418057,-80.3659290,39.190,0.02167,204,2014,21.805,-120083.780
82.4418056,-80.3659279,39.209,0.02250,204,2014,21.824,-120401.663
82.4418057,-80.3659275,39.254,0.02333,204,2014,21.869,-120720.493
82.4418056,-80.3659274,39.226,0.02417,204,2014,21.841,-121040.719
82.4418057,-80.3659274,39.233,0.02500,204,2014,21.848,-121361.962
82.4418058,-80.3659267,39.234,0.02583,204,2014,21.849,-121684.232
82.4418058,-80.3659262,39.242,0.02667,204,2014,21.857,-122007.376
82.4418059,-80.3659266,39.273,0.02750,204,2014,21.888,-122331.480
82.4418060,-80.3659257,39.255,0.02833,204,2014,21.870,-122656.422
82.4418060,-80.3659259,39.253,0.02917,204,2014,21.868,-122982.165
82.4418060,-80.3659263,39.252,0.03000,204,2014,21.867,-123308.903
82.4418060,-80.3659263,39.255,0.03083,204,2014,21.870,-123636.513
82.4418059,-80.3659262,39.237,0.03167,204,2014,21.852,-123964.944
82.4418060,-80.3659261,39.253,0.03250,204,2014,21.868,-124294.226
82.4418061,-80.3659268,39.268,0.03333,204,2014,21.883,-124624.614
82.4418060,-80.3659266,39.277,0.03417,204,2014,21.892,-124955.778
82.4418060,-80.3659265,39.265,0.03500,204,2014,21.880,-125287.758
82.4418061,-80.3659266,39.267,0.03583,204,2014,21.882,-125620.665
82.4418059,-80.3659263,39.193,0.03667,204,2014,21.808,-125954.471
82.4418060,-80.3659266,39.198,0.03750,204,2014,21.813,-126289.005
82.4418062,-80.3659263,39.234,0.03833,204,2014,21.849,-126624.255
82.4418062,-80.3659265,39.234,0.03917,204,2014,21.849,-126960.374
82.4418062,-80.3659273,39.243,0.04000,204,2014,21.858,-127297.390
82.4418061,-80.3659274,39.220,0.04083,204,2014,21.835,-127635.440
82.4418061,-80.3659265,39.237,0.04167,204,2014,21.852,-127974.277
82.4418061,-80.3659274,39.246,0.04250,204,2014,21.861,-128314.151
82.4418061,-80.3659278,39.249,0.04333,204,2014,21.864,-128654.800
82.4418061,-80.3659266,39.259,0.04417,204,2014,21.874,-128996.170
82.4418060,-80.3659265,39.280,0.04500,204,2014,21.895,-129338.444
82.4418060,-80.3659277,39.280,0.04583,204,2014,21.895,-129681.645
82.4418060,-80.3659277,39.263,0.04667,204,2014,21.878,-130025.903
82.4418060,-80.3659280,39.250,0.04750,204,2014,21.865,-130371.020
82.4418059,-80.3659289,39.244,0.04833,204,2014,21.859,-130716.954
82.4418059,-80.3659277,39.240,0.04917,204,2014,21.855,-131063.832
82.4418060,-80.3659279,39.232,0.05000,204,2014,21.847,-131411.704
82.4418059,-80.3659275,39.221,0.05083,204,2014,21.836,-131760.378
82.4418059,-80.3659277,39.223,0.05167,204,2014,21.838,-132109.907
82.4418060,-80.3659277,39.220,0.05250,204,2014,21.835,-132460.118
82.4418059,-80.3659278,39.230,0.05333,204,2014,21.845,-132811.356
82.4418059,-80.3659278,39.238,0.05417,204,2014,21.853,-133163.330
82.4418059,-80.3659274,39.232,0.05500,204,2014,21.847,-133516.035
82.4418059,-80.3659273,39.247,0.05583,204,2014,21.862,-133869.576
82.4418059,-80.3659277,39.262,0.05667,204,2014,21.877,-134224.135
82.4418059,-80.3659277,39.269,0.05750,204,2014,21.884,-134579.411
82.4418060,-80.3659278,39.258,0.05833,204,2014,21.873,-134935.574
82.4418060,-80.3659283,39.267,0.05917,204,2014,21.882,-135292.749
82.4418060,-80.3659289,39.285,0.06000,204,2014,21.900,-135650.682
82.4418060,-80.3659287,39.270,0.06083,204,2014,21.885,-136009.606
82.4418059,-80.3659284,39.248,0.06167,204,2014,21.863,-136369.374
82.4418059,-80.3659282,39.261,0.06250,204,2014,21.876,-136729.786
82.4418059,-80.3659287,39.286,0.06333,204,2014,21.901,-137091.189
82.4418059,-80.3659285,39.294,0.06417,204,2014,21.909,-137453.405
82.4418059,-80.3659287,39.293,0.06500,204,2014,21.908,-137816.561
82.4418058,-80.3659281,39.289,0.06583,204,2014,21.904,-138180.422
82.4418059,-80.3659286,39.283,0.06667,204,2014,21.898,-138545.093
82.4418058,-80.3659287,39.260,0.06750,204,2014,21.875,-138910.535
82.4418058,-80.3659287,39.260,0.06833,204,2014,21.875,-139276.951
82.4418057,-80.3659282,39.258,0.06917,204,2014,21.873,-139644.218
82.4418057,-80.3659286,39.267,0.07000,204,2014,21.882,-140012.149
82.4418058,-80.3659285,39.261,0.07083,204,2014,21.876,-140380.916
82.4418056,-80.3659271,39.266,0.07167,204,2014,21.881,-140750.443
82.4418057,-80.3659278,39.312,0.07250,204,2014,21.927,-141120.628
82.4418057,-80.3659276,39.312,0.07333,204,2014,21.927,-141491.629
82.4418057,-80.3659273,39.324,0.07417,204,2014,21.939,-141863.342
82.4418058,-80.3659274,39.322,0.07500,204,2014,21.937,-142235.886
82.4418058,-80.3659276,39.335,0.07583,204,2014,21.950,-142609.115
82.4418058,-80.3659272,39.355,0.07667,204,2014,21.970,-142983.350
82.4418058,-80.3659271,39.350,0.07750,204,2014,21.965,-143358.122
82.4418058,-80.3659269,39.352,0.07833,204,2014,21.967,-143733.639
82.4418058,-80.3659269,39.351,0.07917,204,2014,21.966,-144109.768
82.4418059,-80.3659267,39.355,0.08000,204,2014,21.970,-144486.732
82.4418058,-80.3659265,39.362,0.08083,204,2014,21.977,-144864.292
82.4418059,-80.3659263,39.340,0.08167,204,2014,21.955,-145242.806
82.4418058,-80.3659261,39.332,0.08250,204,2014,21.947,-145622.139
82.4418058,-80.3659260,39.342,0.08333,204,2014,21.957,-146002.272
82.4418058,-80.3659260,39.338,0.08417,204,2014,21.953,-146383.253
82.4418058,-80.3659260,39.328,0.08500,204,2014,21.943,-146764.901
82.4418058,-80.3659259,39.322,0.08583,204,2014,21.937,-147147.354
82.4418057,-80.3659257,39.324,0.08667,204,2014,21.939,-147530.895
82.4418058,-80.3659257,39.327,0.08750,204,2014,21.942,-147915.018
82.4418058,-80.3659258,39.329,0.08833,204,2014,21.944,-148299.902
82.4418058,-80.3659257,39.343,0.08917,204,2014,21.958,-148685.486
82.4418058,-80.3659256,39.350,0.09000,204,2014,21.965,-149071.893
82.4418058,-80.3659259,39.347,0.09083,204,2014,21.962,-149459.024
82.4418059,-80.3659259,39.355,0.09167,204,2014,21.970,-149846.890
82.4418059,-80.3659259,39.348,0.09250,204,2014,21.963,-150235.368
82.4418059,-80.3659256,39.340,0.09333,204,2014,21.955,-150624.529
82.4418059,-80.3659256,39.344,0.09417,204,2014,21.959,-151014.627
82.4418059,-80.3659253,39.359,0.09500,204,2014,21.974,-151405.376
82.4418060,-80.3659253,39.372,0.09583,204,2014,21.987,-151796.879
82.4418059,-80.3659252,39.386,0.09667,204,2014,22.001,-152188.986
82.4418059,-80.3659248,39.403,0.09750,204,2014,22.018,-152581.670
82.4418059,-80.3659245,39.388,0.09833,204,2014,22.003,-152975.251
82.4418059,-80.3659247,39.398,0.09917,204,2014,22.013,-153369.585
82.4418059,-80.3659245,39.403,0.10000,204,2014,22.018,-153764.795
82.4418059,-80.3659243,39.389,0.10083,204,2014,22.004,-154160.746
82.4418059,-80.3659244,39.398,0.10167,204,2014,22.013,-154557.438
82.4418059,-80.3659246,39.395,0.10250,204,2014,22.010,-154954.848
82.4418060,-80.3659243,39.406,0.10333,204,2014,22.021,-155353.038
82.4418060,-80.3659241,39.427,0.10417,204,2014,22.042,-155752.051
82.4418061,-80.3659240,39.424,0.10500,204,2014,22.039,-156151.930
82.4418061,-80.3659236,39.416,0.10583,204,2014,22.031,-156552.425
82.4418061,-80.3659238,39.415,0.10667,204,2014,22.030,-156953.660
82.4418061,-80.3659236,39.437,0.10750,204,2014,22.052,-157355.578
82.4418061,-80.3659232,39.430,0.10833,204,2014,22.045,-157758.404
82.4418060,-80.3659238,39.406,0.10917,204,2014,22.021,-158161.713
82.4418059,-80.3659238,39.403,0.11000,204,2014,22.018,-158566.129
82.4418060,-80.3659227,39.399,0.11083,204,2014,22.014,-158971.000
82.4418060,-80.3659230,39.354,0.11167,204,2014,21.969,-159376.666
82.4418063,-80.3659219,39.396,0.11250,204,2014,22.011,-159782.991
82.4418060,-80.3659219,39.398,0.11333,204,2014,22.013,-160190.139
82.4418061,-80.3659212,39.418,0.11417,204,2014,22.033,-160598.102
82.4418061,-80.3659204,39.448,0.11500,204,2014,22.063,-161006.784
82.4418060,-80.3659207,39.397,0.11583,204,2014,22.012,-161416.255
82.4418062,-80.3659208,39.453,0.11667,204,2014,22.068,-161826.353
82.4418060,-80.3659212,39.396,0.11750,204,2014,22.011,-162237.330
82.4418060,-80.3659214,39.394,0.11833,204,2014,22.009,-162648.990
82.4418061,-80.3659212,39.387,0.11917,204,2014,22.002,-163061.390
82.4418060,-80.3659212,39.407,0.12000,204,2014,22.022,-163474.554
82.4418061,-80.3659211,39.428,0.12083,204,2014,22.043,-163888.496
82.4418062,-80.3659210,39.418,0.12167,204,2014,22.033,-164303.239
82.4418061,-80.3659209,39.430,0.12250,204,2014,22.045,-164718.378
82.4418061,-80.3659207,39.464,0.12333,204,2014,22.079,-165134.348
82.4418060,-80.3659215,39.411,0.12417,204,2014,22.026,-165551.211
82.4418059,-80.3659216,39.412,0.12500,204,2014,22.027,-165968.517
82.4418060,-80.3659211,39.419,0.12583,204,2014,22.034,-166386.500
82.4418060,-80.3659209,39.428,0.12667,204,2014,22.043,-166805.107
82.4418061,-80.3659210,39.450,0.12750,204,2014,22.065,-167224.613
82.4418061,-80.3659208,39.458,0.12833,204,2014,22.073,-167644.919
82.4418062,-80.3659204,39.443,0.12917,204,2014,22.058,-168065.915
82.4418062,-80.3659199,39.464,0.13000,204,2014,22.079,-168487.270
82.4418062,-80.3659201,39.508,0.13083,204,2014,22.123,-168909.389
82.4418062,-80.3659204,39.488,0.13167,204,2014,22.103,-169332.129
82.4418063,-80.3659200,39.498,0.13250,204,2014,22.113,-169755.229
82.4418061,-80.3659195,39.525,0.13333,204,2014,22.140,-170179.012
82.4418060,-80.3659195,39.538,0.13417,204,2014,22.153,-170603.491
82.4418062,-80.3659197,39.480,0.13500,204,2014,22.095,-171028.597
82.4418061,-80.3659195,39.460,0.13583,204,2014,22.075,-171454.400
82.4418061,-80.3659194,39.475,0.13667,204,2014,22.090,-171880.711
82.4418061,-80.3659196,39.477,0.13750,204,2014,22.092,-172307.648
82.4418060,-80.3659200,39.492,0.13833,204,2014,22.107,-172735.177
82.4418060,-80.3659201,39.515,0.13917,204,2014,22.130,-173163.146
82.4418060,-80.3659200,39.513,0.14000,204,2014,22.128,-173591.709
82.4418060,-80.3659200,39.508,0.14083,204,2014,22.123,-174020.789
82.4418060,-80.3659197,39.502,0.14167,204,2014,22.117,-174450.527
82.4418060,-80.3659196,39.505,0.14250,204,2014,22.120,-174880.915
82.4418060,-80.3659199,39.523,0.14333,204,2014,22.138,-175311.872
82.4418061,-80.3659196,39.528,0.14417,204,2014,22.143,-175743.284
82.4418060,-80.3659193,39.533,0.14500,204,2014,22.148,-176175.389
82.4418061,-80.3659194,39.551,0.14583,204,2014,22.166,-176607.975
82.4418060,-80.3659195,39.558,0.14667,204,2014,22.173,-177041.116
82.4418060,-80.3659193,39.548,0.14750,204,2014,22.163,-177474.932
82.4418060,-80.3659192,39.535,0.14833,204,2014,22.150,-177909.411
82.4418060,-80.3659194,39.535,0.14917,204,2014,22.150,-178344.409
82.4418059,-80.3659194,39.545,0.15000,204,2014,22.160,-178779.825
82.4418024,-80.3659657,40.312,0.15083,204,2014,22.927,-179215.593
82.4417879,-80.3661415,39.953,0.15167,204,2014,22.568,-179651.541
82.4417820,-80.3663656,39.571,0.15250,204,2014,22.187,-180087.448
82.4417725,-80.3665781,39.507,0.15333,204,2014,22.123,-180524.426
82.4417679,-80.3666343,39.722,0.15417,204,2014,22.338,-180961.977
82.4417666,-80.3666229,38.826,0.15500,204,2014,21.442,-181399.203
82.4417670,-80.3666188,38.781,0.15583,204,2014,21.397,-181836.992
82.4417669,-80.3666190,38.770,0.15667,204,2014,21.386,-182275.405
82.4417669,-80.3666188,38.775,0.15750,204,2014,21.391,-182714.222
82.4417669,-80.3666188,38.779,0.15833,204,2014,21.395,-183153.594
82.4417669,-80.3666191,38.777,0.15917,204,2014,21.393,-183593.772
82.4417669,-80.3666192,38.779,0.16000,204,2014,21.395,-184034.586
82.4417677,-80.3667601,39.942,0.16083,204,2014,22.557,-184475.881
82.4417593,-80.3669858,39.780,0.16167,204,2014,22.395,-184917.919
82.4417571,-80.3671357,38.923,0.16250,204,2014,21.538,-185360.457
82.4417587,-80.3671357,39.917,0.16333,204,2014,22.532,-185804.197
82.4417517,-80.3672890,39.667,0.16417,204,2014,22.282,-186248.623
82.4417451,-80.3673560,39.432,0.16500,204,2014,22.047,-186693.960
82.4417440,-80.3673537,38.843,0.16583,204,2014,21.458,-187140.079
82.4417440,-80.3673535,38.836,0.16667,204,2014,21.451,-187586.720
82.4417440,-80.3673534,38.844,0.16750,204,2014,21.459,-188034.403
82.4417440,-80.3673534,38.831,0.16833,204,2014,21.446,-188482.923
82.4417440,-80.3673534,38.820,0.16917,204,2014,21.435,-188932.138
82.4417440,-80.3673532,38.833,0.17000,204,2014,21.448,-189382.030
82.4417440,-80.3673531,38.841,0.17083,204,2014,21.456,-189832.641
82.4417441,-80.3673532,38.828,0.17167,204,2014,21.443,-190283.912
82.4417441,-80.3673534,38.815,0.17250,204,2014,21.430,-190735.784
82.4417440,-80.3673537,38.821,0.17333,204,2014,21.436,-191188.308
82.4417440,-80.3673537,38.818,0.17417,204,2014,21.433,-191641.477
82.4417440,-80.3673538,38.818,0.17500,204,2014,21.433,-192095.314
82.4417440,-80.3673541,38.804,0.17583,204,2014,21.419,-192550.154
82.4417440,-80.3673543,38.780,0.17667,204,2014,21.395,-193005.641
82.4417439,-80.3673538,38.796,0.17750,204,2014,21.411,-193461.588
82.4417439,-80.3673538,38.787,0.17833,204,2014,21.402,-193918.489
82.4417439,-80.3673539,38.785,0.17917,204,2014,21.400,-194376.198
82.4417439,-80.3673538,38.788,0.18000,204,2014,21.403,-194834.616
82.4417440,-80.3673538,38.791,0.18083,204,2014,21.406,-195293.557
82.4417440,-80.3673541,38.799,0.18167,204,2014,21.414,-195753.310
82.4417440,-80.3673541,38.803,0.18250,204,2014,21.418,-196213.742
82.4417441,-80.3673541,38.810,0.18333,204,2014,21.425,-196674.960
82.4417427,-80.3673683,39.685,0.18417,204,2014,22.300,-197135.169
82.4417372,-80.3674192,39.327,0.18500,204,2014,21.942,-197595.437
82.4417358,-80.3674319,39.486,0.18583,204,2014,22.101,-198055.680
82.4417276,-80.3675667,39.468,0.18667,204,2014,22.083,-198516.175
82.4417219,-80.3677800,39.517,0.18750,204,2014,22.132,-198976.728
82.4417240,-80.3679723,39.669,0.18833,204,2014,22.285,-199437.214
82.4417260,-80.3680806,39.673,0.18917,204,2014,22.289,-199898.323
82.4417241,-80.3680855,38.802,0.19000,204,2014,21.418,-200360.410
82.4417242,-80.3680859,38.792,0.19083,204,2014,21.408,-200823.886
82.4417243,-80.3680859,38.796,0.19167,204,2014,21.412,-201288.286
82.4417243,-80.3680860,38.783,0.19250,204,2014,21.399,-201753.814
82.4417242,-80.3680860,38.750,0.19333,204,2014,21.366,-202220.353
82.4417243,-80.3680857,38.743,0.19417,204,2014,21.359,-202687.863
82.4417243,-80.3680864,38.739,0.19500,204,2014,21.355,-203156.390
82.4417243,-80.3680859,38.762,0.19583,204,2014,21.378,-203625.774
82.4417243,-80.3680862,38.749,0.19667,204,2014,21.365,-204096.101
82.4417242,-80.3680864,38.743,0.19750,204,2014,21.359,-204567.126
82.4417242,-80.3680868,38.759,0.19833,204,2014,21.375,-205038.812
82.4417243,-80.3680868,38.763,0.19917,204,2014,21.379,-205511.367
82.4417243,-80.3680867,38.749,0.20000,204,2014,21.365,-205984.569
82.4417243,-80.3680866,38.745,0.20083,204,2014,21.361,-206458.531
82.4417242,-80.3680866,38.747,0.20167,204,2014,21.363,-206933.047
82.4417243,-80.3680867,38.753,0.20250,204,2014,21.369,-207408.251
82.4417243,-80.3680868,38.740,0.20333,204,2014,21.356,-207884.322
82.4417243,-80.3680872,38.723,0.20417,204,2014,21.339,-208361.239
82.4417243,-80.3680871,38.735,0.20500,204,2014,21.351,-208838.767
82.4417243,-80.3680872,38.736,0.20583,204,2014,21.352,-209317.101
82.4417243,-80.3680872,38.719,0.20667,204,2014,21.335,-209796.105
82.4417243,-80.3680874,38.728,0.20750,204,2014,21.344,-210275.797
82.4417243,-80.3680876,38.728,0.20833,204,2014,21.344,-210756.321
82.4417243,-80.3680875,38.727,0.20917,204,2014,21.343,-211237.514
82.4417243,-80.3680875,38.728,0.21000,204,2014,21.344,-211719.276
82.4417243,-80.3680874,38.735,0.21083,204,2014,21.351,-212201.918
82.4417243,-80.3680876,38.745,0.21167,204,2014,21.361,-212685.086
82.4417241,-80.3680883,38.710,0.21250,204,2014,21.326,-213168.827
82.4417243,-80.3680878,38.738,0.21333,204,2014,21.354,-213653.265
82.4417244,-80.3680882,38.579,0.21417,204,2014,21.195,-214138.723
82.4417220,-80.3680998,39.045,0.21500,204,2014,21.661,-214623.868
82.4417227,-80.3681083,38.873,0.21583,204,2014,21.489,-215108.594
82.4417226,-80.3681094,38.900,0.21667,204,2014,21.516,-215594.843
82.4417237,-80.3681217,39.015,0.21750,204,2014,21.631,-216080.001
82.4417217,-80.3682438,39.420,0.21833,204,2014,22.036,-216564.467
82.4417186,-80.3684061,40.087,0.21917,204,2014,22.703,-217048.302
82.4417102,-80.3685818,40.465,0.22000,204,2014,23.081,-217532.264
82.4417064,-80.3687590,40.680,0.22083,204,2014,23.296,-218016.193
82.4417069,-80.3689615,40.844,0.22167,204,2014,23.460,-218500.289
82.4417144,-80.3691041,40.836,0.22250,204,2014,23.452,-218985.503
82.4417161,-80.3691128,40.264,0.22333,204,2014,22.880,-219473.111
82.4417161,-80.3691128,40.247,0.22417,204,2014,22.863,-219962.216
82.4417161,-80.3691129,40.243,0.22500,204,2014,22.859,-220452.650
82.4417160,-80.3691143,40.315,0.22583,204,2014,22.931,-220944.270
82.4417161,-80.3691146,40.352,0.22667,204,2014,22.968,-221437.341
82.4417161,-80.3691145,40.375,0.22750,204,2014,22.991,-221931.479
82.4417161,-80.3691128,40.276,0.22833,204,2014,22.892,-222426.913
82.4417160,-80.3691130,40.256,0.22917,204,2014,22.872,-222923.272
82.4417161,-80.3691137,40.264,0.23000,204,2014,22.880,-223420.385
82.4417161,-80.3691137,40.315,0.23083,204,2014,22.931,-223918.065
82.4417162,-80.3691137,40.320,0.23167,204,2014,22.936,-224416.891
82.4417162,-80.3691135,40.338,0.23250,204,2014,22.954,-224916.551
82.4417161,-80.3691142,40.447,0.23333,204,2014,23.063,-225416.946
82.4417162,-80.3691140,40.390,0.23417,204,2014,23.006,-225918.147
82.4417162,-80.3691137,40.382,0.23500,204,2014,22.998,-226420.189
82.4417162,-80.3691139,40.388,0.23583,204,2014,23.004,-226922.933
82.4417162,-80.3691140,40.384,0.23667,204,2014,23.000,-227426.484
82.4417162,-80.3691140,40.381,0.23750,204,2014,22.997,-227930.827
82.4417162,-80.3691137,40.394,0.23833,204,2014,23.010,-228435.955
82.4417162,-80.3691138,40.381,0.23917,204,2014,22.997,-228941.734
82.4417161,-80.3691137,40.381,0.24000,204,2014,22.997,-229448.267
82.4417161,-80.3691139,40.385,0.24083,204,2014,23.001,-229955.495
82.4417162,-80.3691138,40.403,0.24167,204,2014,23.019,-230463.363
82.4417161,-80.3691142,40.368,0.24250,204,2014,22.984,-230971.922
82.4417162,-80.3691141,40.384,0.24333,204,2014,23.000,-231481.022
82.4417162,-80.3691141,40.383,0.24417,204,2014,22.999,-231990.918
82.4417161,-80.3691141,40.387,0.24500,204,2014,23.003,-232501.521
82.4417160,-80.3691146,40.411,0.24583,204,2014,23.027,-233012.673
82.4417161,-80.3691140,40.390,0.24667,204,2014,23.006,-233524.677
82.4417162,-80.3691139,40.408,0.24750,204,2014,23.024,-234037.211
82.4417161,-80.3691143,40.423,0.24833,204,2014,23.039,-234550.252
82.4417161,-80.3691144,40.423,0.24917,204,2014,23.039,-235064.003
82.4417162,-80.3691148,40.412,0.25000,204,2014,23.028,-235578.399
82.4417162,-80.3691148,40.383,0.25083,204,2014,22.999,-236093.477
82.4417162,-80.3691148,40.392,0.25167,204,2014,23.008,-236609.049
82.4417162,-80.3691141,40.411,0.25250,204,2014,23.027,-237125.183
82.4417162,-80.3691140,40.414,0.25333,204,2014,23.030,-237641.919
82.4417162,-80.3691148,40.423,0.25417,204,2014,23.039,-238159.398
82.4417162,-80.3691152,40.426,0.25500,204,2014,23.042,-238677.414
82.4417163,-80.3691149,40.446,0.25583,204,2014,23.062,-239196.137
82.4417161,-80.3691147,40.406,0.25667,204,2014,23.022,-239715.666
82.4417162,-80.3691147,40.379,0.25750,204,2014,22.995,-240235.849
82.4417162,-80.3691142,40.396,0.25833,204,2014,23.012,-240756.399
82.4417162,-80.3691144,40.429,0.25917,204,2014,23.045,-241277.554
82.4417162,-80.3691142,40.412,0.26000,204,2014,23.028,-241799.152
82.4417162,-80.3691144,40.415,0.26083,204,2014,23.031,-242321.430
82.4417161,-80.3691147,40.413,0.26167,204,2014,23.029,-242844.364
82.4417162,-80.3691146,40.412,0.26250,204,2014,23.028,-243367.872
82.4417161,-80.3691148,40.421,0.26333,204,2014,23.037,-243891.775
82.4417161,-80.3691148,40.418,0.26417,204,2014,23.034,-244416.232
82.4417161,-80.3691148,40.417,0.26500,204,2014,23.033,-244941.175
82.4417161,-80.3691147,40.402,0.26583,204,2014,23.018,-245466.645
82.4417161,-80.3691151,40.379,0.26667,204,2014,22.995,-245992.686
82.4417162,-80.3691147,40.378,0.26750,204,2014,22.994,-246519.389
82.4417162,-80.3691147,40.390,0.26833,204,2014,23.006,-247046.554
82.4417164,-80.3691146,40.453,0.26917,204,2014,23.069,-247574.159
82.4417164,-80.3691148,40.472,0.27000,204,2014,23.088,-248102.479
82.4417163,-80.3691148,40.455,0.27083,204,2014,23.071,-248631.285
82.4417162,-80.3691144,40.448,0.27167,204,2014,23.064,-249160.523
82.4417162,-80.3691147,40.404,0.27250,204,2014,23.020,-249690.103
82.4417162,-80.3691142,40.415,0.27333,204,2014,23.031,-250220.206
82.4417161,-80.3691146,40.405,0.27417,204,2014,23.021,-250750.745
82.4417161,-80.3691145,40.411,0.27500,204,2014,23.027,-251281.548
82.4417161,-80.3691149,40.411,0.27583,204,2014,23.027,-251813.015
82.4417161,-80.3691154,40.428,0.27667,204,2014,23.044,-252345.000
82.4417161,-80.3691151,40.441,0.27750,204,2014,23.057,-252877.306
82.4417160,-80.3691152,40.455,0.27833,204,2014,23.071,-253410.095
82.4417159,-80.3691160,40.406,0.27917,204,2014,23.022,-253943.522
82.4417162,-80.3691153,40.410,0.28000,204,2014,23.026,-254477.171
82.4417161,-80.3691155,40.405,0.28083,204,2014,23.021,-255011.278
82.4417162,-80.3691156,40.462,0.28167,204,2014,23.078,-255545.759
82.4417161,-80.3691152,40.449,0.28250,204,2014,23.065,-256080.846
82.4417161,-80.3691150,40.404,0.28333,204,2014,23.020,-256616.347
82.4417160,-80.3691152,40.417,0.28417,204,2014,23.033,-257152.007
82.4417161,-80.3691154,40.431,0.28500,204,2014,23.047,-257687.983
82.4417161,-80.3691153,40.444,0.28583,204,2014,23.060,-258224.387
82.4417160,-80.3691154,40.441,0.28667,204,2014,23.057,-258761.157
82.4417161,-80.3691154,40.441,0.28750,204,2014,23.057,-259298.169
82.4417161,-80.3691152,40.447,0.28833,204,2014,23.063,-259835.566
82.4417160,-80.3691153,40.431,0.28917,204,2014,23.047,-260373.438
82.4417161,-80.3691155,40.445,0.29000,204,2014,23.061,-260911.796
82.4417161,-80.3691155,40.444,0.29083,204,2014,23.060,-261450.700
82.4417161,-80.3691156,40.440,0.29167,204,2014,23.056,-261989.980
82.4417161,-80.3691154,40.430,0.29250,204,2014,23.046,-262529.652
82.4417161,-80.3691153,40.442,0.29333,204,2014,23.058,-263069.794
82.4417161,-80.3691155,40.433,0.29417,204,2014,23.049,-263610.377
82.4417161,-80.3691155,40.450,0.29500,204,2014,23.066,-264151.126
82.4417161,-80.3691158,40.455,0.29583,204,2014,23.071,-264692.198
82.4417161,-80.3691161,40.463,0.29667,204,2014,23.079,-265233.742
82.4417161,-80.3691159,40.457,0.29750,204,2014,23.073,-265775.624
82.4417161,-80.3691158,40.449,0.29833,204,2014,23.065,-266318.084
82.4417161,-80.3691156,40.440,0.29917,204,2014,23.056,-266861.036
82.4417161,-80.3691154,40.418,0.30000,204,2014,23.034,-267404.347
82.4417161,-80.3691152,40.420,0.30083,204,2014,23.036,-267947.948
82.4417160,-80.3691149,40.433,0.30167,204,2014,23.049,-268492.210
82.4417160,-80.3691147,40.424,0.30250,204,2014,23.040,-269037.028
82.4417160,-80.3691147,40.424,0.30333,204,2014,23.040,-269582.208
82.4417160,-80.3691150,40.433,0.30417,204,2014,23.049,-270127.901
82.4417160,-80.3691151,40.458,0.30500,204,2014,23.074,-270673.965
82.4417160,-80.3691151,40.467,0.30583,204,2014,23.083,-271220.349
82.4417161,-80.3691153,40.452,0.30667,204,2014,23.068,-271767.441
82.4417161,-80.3691155,40.438,0.30750,204,2014,23.054,-272315.084
82.4417161,-80.3691155,40.426,0.30833,204,2014,23.042,-272863.158
82.4417160,-80.3691156,40.426,0.30917,204,2014,23.042,-273411.675
82.4417161,-80.3691154,40.421,0.31000,204,2014,23.037,-273960.681
82.4417161,-80.3691153,40.302,0.31083,204,2014,22.918,-274510.362
82.4417158,-80.3691171,40.004,0.31167,204,2014,22.620,-275061.233
82.4417157,-80.3691153,40.408,0.31250,204,2014,23.024,-275610.796
82.4417159,-80.3691147,40.507,0.31333,204,2014,23.123,-276161.542
82.4417160,-80.3691151,40.408,0.31417,204,2014,23.024,-276713.002
82.4417164,-80.3691131,40.376,0.31500,204,2014,22.992,-277264.694
82.4417162,-80.3691131,40.416,0.31583,204,2014,23.032,-277816.759
82.4417159,-80.3691135,40.411,0.31667,204,2014,23.027,-278369.061
82.4417159,-80.3691138,40.395,0.31750,204,2014,23.011,-278921.630
82.4417160,-80.3691131,40.255,0.31833,204,2014,22.871,-279474.837
82.4417155,-80.3691156,40.365,0.31917,204,2014,22.981,-280027.959
82.4417158,-80.3691152,40.197,0.32000,204,2014,22.813,-280581.939
82.4417161,-80.3691154,40.300,0.32083,204,2014,22.916,-281135.630
82.4417161,-80.3690917,41.052,0.32417,204,2014,23.668,-283351.942
82.4417161,-80.3690963,40.972,0.32500,204,2014,23.588,-283907.407
82.4417160,-80.3690977,40.973,0.32583,204,2014,23.589,-284462.713
82.4417160,-80.3690976,41.005,0.32667,204,2014,23.621,-285018.382
82.4417160,-80.3690988,40.986,0.32750,204,2014,23.602,-285574.380
82.4417160,-80.3690989,41.000,0.32833,204,2014,23.616,-286130.645
82.4417160,-80.3690996,40.951,0.32917,204,2014,23.567,-286687.372
82.4417160,-80.3690999,40.969,0.33000,204,2014,23.585,-287244.274
82.4417160,-80.3691000,40.986,0.33083,204,2014,23.602,-287801.632
82.4417161,-80.3690995,40.982,0.33167,204,2014,23.598,-288359.375
82.4417161,-80.3690995,40.986,0.33250,204,2014,23.602,-288917.530
82.4417160,-80.3690991,40.978,0.33333,204,2014,23.594,-289476.052
82.4417160,-80.3690998,40.961,0.33417,204,2014,23.577,-290035.052
82.4417159,-80.3690998,41.022,0.33500,204,2014,23.638,-290594.151
82.4417163,-80.3690985,40.833,0.33583,204,2014,23.449,-291154.250
82.4417161,-80.3691009,41.084,0.33667,204,2014,23.700,-291713.894
82.4417161,-80.3691014,41.000,0.33750,204,2014,23.616,-292274.478
82.4417161,-80.3691014,40.856,0.33833,204,2014,23.472,-292835.515
82.4417161,-80.3691007,40.864,0.33917,204,2014,23.480,-293396.818
82.4417161,-80.3691015,40.861,0.34000,204,2014,23.477,-293958.457
82.4417160,-80.3691019,40.870,0.34083,204,2014,23.486,-294520.516
82.4417160,-80.3691020,40.902,0.34167,204,2014,23.518,-295082.800
82.4417213,-80.3691745,40.906,0.34250,204,2014,23.522,-295645.463
82.4417376,-80.3693730,40.986,0.34333,204,2014,23.602,-296208.191
82.4417574,-80.3695424,41.175,0.34417,204,2014,23.791,-296771.404
82.4417617,-80.3695721,41.212,0.34500,204,2014,23.828,-297334.481
82.4417737,-80.3696452,41.204,0.34583,204,2014,23.820,-297898.107
82.4417861,-80.3697205,41.254,0.34667,204,2014,23.870,-298462.265
82.4418024,-80.3698281,41.638,0.34750,204,2014,24.254,-299026.103
82.4418249,-80.3699498,41.632,0.34833,204,2014,24.248,-299591.220
82.4418440,-80.3701281,41.534,0.34917,204,2014,24.150,-300156.338
82.4418622,-80.3703155,41.285,0.35000,204,2014,23.901,-300722.395
82.4418743,-80.3704495,41.352,0.35083,204,2014,23.968,-301288.138
82.4418898,-80.3706039,41.134,0.35167,204,2014,23.750,-301855.384
82.4419052,-80.3708136,40.905,0.35250,204,2014,23.522,-302422.785
82.4419192,-80.3709756,40.713,0.35333,204,2014,23.330,-302990.634
82.4419351,-80.3711361,40.584,0.35417,204,2014,23.201,-303558.834
82.4419546,-80.3712773,40.476,0.35500,204,2014,23.093,-304127.416
82.4419752,-80.3714253,40.560,0.35583,204,2014,23.177,-304695.254
82.4419997,-80.3715736,40.593,0.35667,204,2014,23.210,-305263.944
82.4420250,-80.3717142,40.498,0.35750,204,2014,23.115,-305833.045
82.4420501,-80.3718676,40.359,0.35833,204,2014,22.976,-306402.570
82.4420729,-80.3720066,40.120,0.35917,204,2014,22.737,-306971.824
82.4420811,-80.3722027,39.569,0.36000,204,2014,22.186,-307540.408
82.4420972,-80.3721526,37.112,0.36750,204,2014,19.729,-312698.073
82.4421094,-80.3722090,37.058,0.36833,204,2014,19.675,-313273.464
82.4421209,-80.3722603,37.185,0.36917,204,2014,19.802,-313847.449
82.4421206,-80.3722582,36.938,0.37000,204,2014,19.555,-314420.917
82.4421195,-80.3722668,36.621,0.37083,204,2014,19.238,-314993.714
82.4421190,-80.3722781,36.354,0.37167,204,2014,18.971,-315565.223
82.4421272,-80.3723819,36.110,0.37250,204,2014,18.727,-316137.382
82.4421494,-80.3725656,36.135,0.37333,204,2014,18.752,-316708.897
82.4421641,-80.3727292,35.903,0.37417,204,2014,18.521,-317280.037
82.4421805,-80.3728670,35.882,0.37500,204,2014,18.500,-317850.831
82.4422002,-80.3730464,35.511,0.37583,204,2014,18.129,-318421.134
82.4422206,-80.3732262,35.264,0.37667,204,2014,17.882,-318991.797
82.4422428,-80.3733671,35.101,0.37750,204,2014,17.719,-319562.489
82.4422616,-80.3734616,35.113,0.37833,204,2014,17.731,-320133.309
82.4422852,-80.3735653,34.899,0.37917,204,2014,17.517,-320703.929
82.4423115,-80.3736844,34.677,0.38000,204,2014,17.295,-321274.738
82.4423366,-80.3737512,34.563,0.38083,204,2014,17.181,-321845.839
82.4423603,-80.3738635,34.763,0.38167,204,2014,17.381,-322416.953
82.4423813,-80.3739495,34.894,0.38250,204,2014,17.512,-322988.569
82.4424033,-80.3740385,35.026,0.38333,204,2014,17.644,-323559.641
82.4424301,-80.3741508,35.120,0.38417,204,2014,17.738,-324130.712
82.4424557,-80.3742907,35.273,0.38500,204,2014,17.892,-324702.105
82.4424776,-80.3744355,35.312,0.38583,204,2014,17.931,-325272.908
82.4424998,-80.3745787,35.733,0.38667,204,2014,18.352,-325844.387
82.4425250,-80.3747523,35.997,0.38750,204,2014,18.616,-326415.538
82.4425485,-80.3749289,36.078,0.38833,204,2014,18.697,-326986.442
82.4425715,-80.3750881,36.244,0.38917,204,2014,18.863,-327557.398
82.4425952,-80.3752467,36.422,0.39000,204,2014,19.041,-328128.187
82.4426213,-80.3754091,36.443,0.39083,204,2014,19.062,-328698.613
82.4426453,-80.3755691,36.620,0.39167,204,2014,19.239,-329269.835
82.4426684,-80.3757152,36.610,0.39250,204,2014,19.229,-329840.662
82.4426919,-80.3758551,36.729,0.39333,204,2014,19.348,-330411.701
82.4427161,-80.3760148,36.728,0.39417,204,2014,19.348,-330983.042
82.4427420,-80.3761432,36.838,0.39500,204,2014,19.458,-331554.529
82.4427603,-80.3762411,36.996,0.39583,204,2014,19.616,-332125.947
82.4427612,-80.3762453,37.063,0.39667,204,2014,19.683,-332697.305
82.4427613,-80.3762461,37.175,0.39750,204,2014,19.795,-333268.608
82.4427615,-80.3762467,37.298,0.39833,204,2014,19.918,-333839.985
82.4427617,-80.3762475,37.478,0.39917,204,2014,20.098,-334411.216
82.4427616,-80.3762480,37.490,0.40000,204,2014,20.110,-334982.698
82.4427620,-80.3762466,37.631,0.40083,204,2014,20.251,-335553.967
82.4427616,-80.3762474,37.835,0.40167,204,2014,20.455,-336125.084
82.4427601,-80.3762494,37.247,0.40250,204,2014,19.867,-336697.891
82.4427597,-80.3762444,37.214,0.40333,204,2014,19.834,-337269.531
82.4427600,-80.3762448,37.085,0.40417,204,2014,19.705,-337841.408
82.4427597,-80.3762285,37.658,0.40500,204,2014,20.278,-338411.155
82.4427596,-80.3762300,37.751,0.40583,204,2014,20.371,-338982.451
82.4427601,-80.3762267,37.822,0.40667,204,2014,20.442,-339553.978
82.4427603,-80.3762258,37.916,0.40750,204,2014,20.536,-340125.449
82.4427604,-80.3762259,37.951,0.40833,204,2014,20.571,-340696.849
82.4427602,-80.3762268,38.103,0.40917,204,2014,20.723,-341268.106
82.4427601,-80.3762267,37.926,0.41000,204,2014,20.546,-341839.971
82.4427607,-80.3762261,38.324,0.41083,204,2014,20.944,-342410.526
82.4427604,-80.3762274,38.349,0.41167,204,2014,20.969,-342981.564
82.4427606,-80.3762276,38.464,0.41250,204,2014,21.084,-343552.278
82.4427603,-80.3762242,37.895,0.41333,204,2014,20.515,-344124.363
82.4427602,-80.3762251,37.921,0.41417,204,2014,20.541,-344695.261
82.4427609,-80.3762248,38.267,0.41500,204,2014,20.887,-345265.317
82.4427602,-80.3762274,37.909,0.41583,204,2014,20.529,-345836.870
82.4427604,-80.3762271,37.905,0.41667,204,2014,20.525,-346407.570
82.4427604,-80.3762313,38.262,0.41750,204,2014,20.882,-346977.567
82.4427602,-80.3760523,9.304,0.41833,204,2014,-8.076,-347604.298
82.4427596,-80.3759500,-6.633,0.41917,204,2014,-24.013,-348205.767
82.4427982,-80.3760588,16.990,0.42333,204,2014,-0.390,-351004.073
82.4427828,-80.3760955,8.981,0.42417,204,2014,-8.399,-351590.249
82.4427540,-80.3762247,33.917,0.43083,204,2014,16.537,-356094.251
82.4427537,-80.3762244,33.373,0.43167,204,2014,15.993,-356661.938
82.4427536,-80.3762247,33.312,0.43250,204,2014,15.932,-357228.310
82.4427540,-80.3762261,33.596,0.43333,204,2014,16.216,-357793.616
82.4427538,-80.3762244,33.447,0.43417,204,2014,16.067,-358359.295
82.4427538,-80.3762258,33.363,0.43500,204,2014,15.983,-358924.547
82.4427537,-80.3762245,33.367,0.43583,204,2014,15.987,-359489.223
82.4427536,-80.3762243,33.370,0.43667,204,2014,15.990,-360053.751
82.4427533,-80.3762246,33.107,0.43750,204,2014,15.727,-360618.543
82.4427533,-80.3762240,33.001,0.43833,204,2014,15.621,-361182.853
82.4427533,-80.3762238,32.976,0.43917,204,2014,15.596,-361746.671
82.4427533,-80.3762238,32.997,0.44000,204,2014,15.617,-362310.296
82.4427533,-80.3762237,33.013,0.44083,204,2014,15.633,-362873.579
82.4427533,-80.3762239,32.972,0.44167,204,2014,15.592,-363436.880
82.4427533,-80.3762242,33.057,0.44250,204,2014,15.677,-363999.742
82.4427531,-80.3762238,33.000,0.44333,204,2014,15.620,-364563.214
82.4427531,-80.3762233,32.914,0.44417,204,2014,15.534,-365126.598
82.4427530,-80.3762231,32.805,0.44500,204,2014,15.425,-365689.978
82.4427535,-80.3762234,32.881,0.44583,204,2014,15.501,-366252.866
82.4427536,-80.3762246,32.886,0.44667,204,2014,15.506,-366815.680
82.4427535,-80.3762259,33.001,0.44750,204,2014,15.621,-367378.239
82.4427535,-80.3762221,32.853,0.44833,204,2014,15.473,-367941.003
82.4427537,-80.3762221,33.001,0.44917,204,2014,15.621,-368503.125
82.4427539,-80.3762219,33.165,0.45000,204,2014,15.785,-369065.117
82.4427536,-80.3762242,33.069,0.45083,204,2014,15.689,-369627.425
82.4427542,-80.3762223,33.420,0.45167,204,2014,16.040,-370188.749
82.4427540,-80.3762224,33.336,0.45250,204,2014,15.956,-370750.918
82.4427540,-80.3762223,33.490,0.45333,204,2014,16.110,-371312.390
82.4427539,-80.3762218,33.391,0.45417,204,2014,16.011,-371874.119
82.4427541,-80.3762237,33.576,0.45500,204,2014,16.196,-372435.255
